{
  "m1": 112.21401596069336,
  "m2": 95.06352400779724,
  "reason": ""
}