{
  "default": {
    "n_partition": 2,
    "n_items": [
      13,
      17
    ],
    "exe_time": 0.565281867980957
  },
  "customized": {
    "n_partition": 4,
    "n_items": [
      4,
      11,
      8,
      7
    ],
    "exe_time": 0.4003021717071533
  }
}