{
  "default": {
    "n_partition": 2,
    "n_items": [
      13,
      17
    ],
    "exe_time": 0.6518852710723877
  },
  "customized": {
    "n_partition": 5,
    "n_items": [
      4,
      2,
      9,
      12,
      3
    ],
    "exe_time": 0.38332390785217285
  }
}